﻿<?xml version="1.0" encoding="utf-8" ?>
<Advertisements>
        <Ad>
             <ImageUrl>~/images/1.jpg</ImageUrl>
             <AlternateText>first</AlternateText>
             <Impression>10</Impression>
             <Keyword>software</Keyword>
        </Ad>
        <Ad>
                <ImageUrl>~/images/2.jpg</ImageUrl>
                <AlternateText>2</AlternateText>
                <Impression>10</Impression>
                <Keyword>software</Keyword>
        </Ad>
        <Ad>
            <ImageUrl>~/images/3.jpg</ImageUrl>
            <AlternateText>3</AlternateText>
            <Impression>10</Impression>
            <Keyword>software</Keyword>
        </Ad>
        <Ad>
            <ImageUrl>~/images/4.jpg</ImageUrl>
            <AlternateText>4</AlternateText>
            <Impression>10</Impression>
            <Keyword>software</Keyword>
        </Ad>
        <Ad>
            <ImageUrl>~/images/5.jpg</ImageUrl>
            <AlternateText>5</AlternateText>
            <Impression>10</Impression>
            <Keyword>software</Keyword>
        </Ad>
        <Ad>
            <ImageUrl>~/images/6.jpg</ImageUrl>
            <AlternateText>6</AlternateText>
            <Impression>10</Impression>
            <Keyword>software</Keyword>
        </Ad>
        <Ad>
            <ImageUrl>~/images/7.jpg</ImageUrl>
            <AlternateText>7</AlternateText>
            <Impression>10</Impression>
            <Keyword>software</Keyword>
        </Ad>
        <Ad>
            <ImageUrl>~/images/8.jpg</ImageUrl>
            <AlternateText>8</AlternateText>
            <Impression>10</Impression>
            <Keyword>software</Keyword>
        </Ad>
        <Ad>
            <ImageUrl>~/images/9.jpg</ImageUrl>
            <AlternateText>9</AlternateText>
            <Impression>10</Impression>
            <Keyword>software</Keyword>
        </Ad>
        <Ad>
            <ImageUrl>~/images/10.jpg</ImageUrl>
            <AlternateText>10</AlternateText>
            <Impression>10</Impression>
            <Keyword>software</Keyword>
        </Ad>
        <Ad>
            <ImageUrl>~/images/11.jpg</ImageUrl>
            <AlternateText>11</AlternateText>
            <Impression>10</Impression>
            <Keyword>software</Keyword>
        </Ad>
        <Ad>
            <ImageUrl>~/images/12.jpg</ImageUrl>
            <AlternateText>12</AlternateText>
            <Impression>10</Impression>
            <Keyword>software</Keyword>
        </Ad>
</Advertisements>