<publishData>
  <publishTarget publishUrl="C:\Documents and Settings\Gourav\Desktop\">
    <file relUrl="Armstrong.aspx" publishTime="02/06/2010 10:31:41" />
    <file relUrl="Prime.aspx" publishTime="02/06/2010 10:33:20" />
    <file relUrl="Fibonacci.aspx" publishTime="02/06/2010 12:48:43" />
    <file relUrl="Factorial.aspx" publishTime="02/06/2010 12:30:25" />
    <file relUrl="Web.config" publishTime="02/10/2010 23:02:32" />
    <file relUrl="Default.aspx" publishTime="02/11/2010 01:38:27" />
    <file relUrl="bin/WebApplication1.dll" publishTime="02/06/2010 13:00:17" />
    <file relUrl="bin/WebApplication1.pdb" publishTime="02/06/2010 13:00:17" />
    <file relUrl="Main.aspx" publishTime="02/06/2010 12:39:32" />
    <file relUrl="Psquare.aspx" publishTime="02/06/2010 10:31:41" />
  </publishTarget>
</publishData>