﻿<?xml version="1.0" encoding="utf-8" ?>
<Advertisements>
    <Ad>
        <ImageUrl>~/images/adimage1.jpg</ImageUrl>
        <NavigateUrl>http://www.harshit.com</NavigateUrl>
        <AlternateText>Image1</AlternateText>
        <Impressions>10</Impressions>
    </Ad>
    <Ad>
        <ImageUrl>~/images/adimage2.jpg</ImageUrl>
        <NavigateUrl>http://www.harshit.com</NavigateUrl>
        <AlternateText>Image2</AlternateText>
        <Impressions>10</Impressions>
    </Ad>
    <Ad>
        <ImageUrl>~/images/adimage3.jpg</ImageUrl>
        <NavigateUrl>http://www.harshit.com</NavigateUrl>
        <AlternateText>Image3</AlternateText>
        <Impressions>10</Impressions>
    </Ad>
    <Ad>
        <ImageUrl>~/images/adimage4.jpg</ImageUrl>
        <NavigateUrl>http://www.harshit.com</NavigateUrl>
        <AlternateText>Image4</AlternateText>
        <Impressions>10</Impressions>
    </Ad>
    <Ad>
        <ImageUrl>~/images/adimage5.jpg</ImageUrl>
        <NavigateUrl>http://www.harshit.com</NavigateUrl>
        <AlternateText>Image5</AlternateText>
        <Impressions>10</Impressions>
    </Ad>
    
</Advertisements>
