﻿<?xml version="1.0" encoding="utf-8" ?>
<Advertisements>
    <Ad>
        <ImageUrl>~/images/1.bmp</ImageUrl>
        <NavigateUrl>http://www.rahulsonone.com</NavigateUrl>
        <AlternateText>First Image</AlternateText>
        <Impressions>10</Impressions>
        <Keyword>Software</Keyword>
    </Ad>

    <Ad>
        <ImageUrl>~/images/2.bmp</ImageUrl>
        <NavigateUrl>http://www.rahulsonone.com</NavigateUrl>
        <AlternateText>Second Image</AlternateText>
        <Impressions>10</Impressions>
        <Keyword>Software</Keyword>
    </Ad>

    <Ad>
        <ImageUrl>~/images/3.bmp</ImageUrl>
        <NavigateUrl>http://www.rahulsonone.com</NavigateUrl>
        <AlternateText>Third Image</AlternateText>
        <Impressions>10</Impressions>
        <Keyword>Software</Keyword>
    </Ad>

    <Ad>
        <ImageUrl>~/images/4.bmp</ImageUrl>
        <NavigateUrl>http://www.rahulsonone.com</NavigateUrl>
        <AlternateText>Fourth Image</AlternateText>
        <Impressions>20</Impressions>
        <Keyword>Software</Keyword>
    </Ad>

    <Ad>
        <ImageUrl>~/images/5.bmp</ImageUrl>
        <NavigateUrl>http://www.rahulsonone.com</NavigateUrl>
        <AlternateText>Fifth Image</AlternateText>
        <Impressions>5</Impressions>
        <Keyword>Software</Keyword>
    </Ad>

</Advertisements>
