﻿<?xml version="1.0" encoding="utf-8" ?>
<Advertisements>
    <Ad>
        <ImageUrl>~/images/1.jpg</ImageUrl>
        <NavigateUrl>http://www.harshit.com</NavigateUrl>
        <AlternateText>Image1</AlternateText>
        <Impressions>10</Impressions>
    </Ad>
    <Ad>
        <ImageUrl>~/images/2.jpg</ImageUrl>
        <NavigateUrl>http://www.harshit.com</NavigateUrl>
        <AlternateText>Image2</AlternateText>
        <Impressions>5</Impressions>
    </Ad>
    <Ad>
        <ImageUrl>~/images/3.jpg</ImageUrl>
        <NavigateUrl>http://www.harshit.com</NavigateUrl>
        <AlternateText>Image3</AlternateText>
        <Impressions>10</Impressions>
    </Ad>
    <Ad>
        <ImageUrl>~/images/4.jpg</ImageUrl>
        <NavigateUrl>http://www.harshit.com</NavigateUrl>
        <AlternateText>Image4</AlternateText>
        <Impressions>5</Impressions>
    </Ad>
    <Ad>
        <ImageUrl>~/images/5.jpg</ImageUrl>
        <NavigateUrl>http://www.harshit.com</NavigateUrl>
        <AlternateText>Image5</AlternateText>
        <Impressions>10</Impressions>
    </Ad>
    <Ad>
        <ImageUrl>~/images/6.jpg</ImageUrl>
        <NavigateUrl>http://www.harshit.com</NavigateUrl>
        <AlternateText>Image6</AlternateText>
        <Impressions>5</Impressions>
    </Ad>
</Advertisements>
